<?xml version="1.0" encoding="utf-8"?>
<resources>

    <!-- antitheft start-->
    <drawable name="com_zui_antitheft__launcher_icon">@drawable/com_zui_antitheft__launcher_icon</drawable>
    <!-- antitheft end-->

    <!-- com.zui.contacts start-->
    <drawable name="com_zui_contacts__ic_launcher_phone">@drawable/com_zui_contacts__ic_launcher_phone</drawable>
    <!-- com.zui.contacts end-->

    <!-- com.android.dialer start-->
    <drawable name="com_android_dialer__ic_launcher_phone">@drawable/com_android_dialer__ic_launcher_phone</drawable>
    <!-- com.android.dialer end-->

    <!-- com_zui_fmplayer start-->
    <drawable name="com_zui_fmplayer__ic_launcher">@drawable/com_zui_fmplayer__ic_launcher</drawable>
    <drawable name="com_android_fmradio__ic_launcher">@drawable/com_zui_fmplayer__ic_launcher</drawable>
    <!-- com_zui_fmplayer end-->

    <!-- com_lenovo_blockchain start-->
    <drawable name="com_lenovo_blockchain__ic_launcher">@drawable/com_lenovo_blockchain__ic_launcher</drawable>
    <!-- com_lenovo_blockchain end-->

    <!-- com_android_settings start-->
    <drawable name="com_android_settings__ic_launcher_settings">@drawable/com_android_settings__ic_launcher_settings</drawable>
    <!-- com_android_settings end-->

    <!-- com_zui_simsettings start-->
    <drawable name="com_zui_simsettings__ic_launcher_settings">@drawable/com_android_settings__ic_launcher_settings</drawable>
    <!-- com_zui_simsettings end-->

    <!-- com_zui_homesettings start-->
    <drawable name="com_zui_homesettings__ic_launcher">@drawable/com_android_settings__ic_launcher_settings</drawable>
    <!-- com_zui_homesettings end-->

    <!-- simsmanager start-->
    <drawable name="com_lenovo_leos_simsettings__ic_launcher_settings">@drawable/com_android_settings__ic_launcher_settings</drawable>
    <!-- simsmanager end-->

    <!-- com_zui_fingerprintsettings settings start-->
    <drawable name="com_zui_fingerprintsettings__ic_launcher_settings">@drawable/com_android_settings__ic_launcher_settings</drawable>
    <!-- com_zui_fingerprintsettings settings end-->

    <!-- com_lenovo_leos_mobilenetworksettings start-->
    <drawable name="com_lenovo_leos_mobilenetworksettings__ic_launcher_settings">@drawable/com_android_settings__ic_launcher_settings</drawable>
    <!-- com_lenovo_leos_mobilenetworksettings end-->

    <!-- com_lenovo_club_app start-->
    <drawable name="com_lenovo_club_app__logo">@drawable/com_lenovo_club_app__logo</drawable>
    <!-- com_lenovo_club_app end-->

    <!-- appstore start-->
    <drawable name="com_lenovo_leos_appstore__default_icon">@drawable/com_lenovo_leos_appstore__default_icon</drawable>
    <!-- appstore end-->

    <!-- com.lenovo.menu_assistant start-->
    <drawable name="com_lenovo_menu_assistant__ic_launcher">@drawable/com_lenovo_menu_assistant__ic_launcher</drawable>
    <!-- com.lenovo.menu_assistant end-->

    <!-- browser start-->
    <drawable name="com_zui_browser__ic_launcher_browser">@drawable/com_zui_browser__ic_launcher_browser</drawable>
    <drawable name="com_lenovo_browser__ic_launcher_browser">@drawable/com_zui_browser__ic_launcher_browser</drawable>
    <drawable name="com_motozui_browser__ic_launcher_browser">@drawable/com_zui_browser__ic_launcher_browser</drawable>
    <!-- browser end-->

    <!-- calculator start-->
    <drawable name="com_zui_calculator__ic_launcher_calculator">@drawable/com_zui_calculator__ic_launcher_calculator</drawable>
    <!-- calculator end-->

    <!-- calendar start-->
    <drawable name="com_zui_calendar__ic_launcher">@drawable/com_zui_calendar__ic_launcher</drawable>
    <drawable name="com_zui_calendar__ic_launcher_calendar">@drawable/com_zui_calendar__ic_launcher</drawable>
    <!-- calendar end-->

    <!-- camera start-->
    <drawable name="com_motorola_camera2__ic_launcher_camera">@drawable/com_zui_camera__logo_camera</drawable>
    <drawable name="com_motorola_ts_camera__ic_launcher_camera">@drawable/com_zui_camera__logo_camera</drawable>
    <drawable name="com_zui_camera__logo_camera">@drawable/com_zui_camera__logo_camera</drawable>
    <drawable name="com_zui_camera__logo_cameragallery_color_44in48dp">@drawable/com_zui_camera__logo_camera</drawable>
    <drawable name="com_zui_cameragallery__logo_camera_color_44in48dp">@drawable/com_zui_camera__logo_camera</drawable>
    <drawable name="com_mediatek_camera__ic_launcher_camera">@drawable/com_zui_camera__logo_camera</drawable>
    <!-- camera end-->

    <!-- compass start-->
    <drawable name="com_zui_compass__ic_launcher">@drawable/com_zui_compass__ic_launcher</drawable>
    <!-- compass end-->

    <!-- contact start-->
    <drawable name="com_zui_contacts__ic_contacts_clr_48cv_44dp">@drawable/com_zui_contacts__ic_launcher_contacts</drawable>
    <drawable name="com_android_contacts__ic_contacts_clr_48cv_44dp">@drawable/com_zui_contacts__ic_launcher_contacts</drawable>
    <drawable name="com_android_contacts__ic_contacts_launcher">@drawable/com_zui_contacts__ic_launcher_contacts</drawable>
    <!-- contact end-->

    <!-- alarm start-->
    <drawable name="com_zui_deskclock__ic_launcher_alarmclock">@drawable/com_zui_deskclock__ic_launcher_alarmclock</drawable>
    <!-- alarm end-->

    <!-- eamil start-->
    <drawable name="com_zui_email__ic_launcher_mail">@drawable/com_zui_email__ic_launcher_mail</drawable>
    <!-- email end-->

    <!-- com.zui.feedback start-->
    <drawable name="com_zui_feedback__app_icon">@drawable/com_zui_feedback__app_icon</drawable>
    <!-- com.zui.feedback end-->

    <!-- com_zui_filemanager start-->
    <drawable name="com_zui_filemanager__ic_launcher">@drawable/com_zui_filemanager__ic_launcher</drawable>
    <!-- com_zui_filemanager end-->

    <!-- com_zui_findmyphoneweb start-->
    <drawable name="com_zui_findmyphoneweb__launcher_icon">@drawable/com_zui_findmyphoneweb__launcher_icon</drawable>
    <!-- com_zui_findmyphoneweb end-->

    <!-- com_zui_gallery start-->
    <drawable name="com_zui_gallery__ic_launcher_gallery">@drawable/com_zui_gallery__ic_launcher_gallery</drawable>
    <drawable name="com_zui_cameragallery__ic_launcher_gallery">@drawable/com_zui_gallery__ic_launcher_gallery</drawable>
    <drawable name="com_android_gallery3d__ic_launcher_gallery">@drawable/com_zui_gallery__ic_launcher_gallery</drawable>
    <!-- com_zui_gallery end-->

    <!-- sms/mms start-->
    <drawable name="com_zui_mms__ic_launcher_smsmms">@drawable/com_zui_mms__ic_launcher_smsmms</drawable>
    <drawable name="com_android_mms__ic_launcher_smsmms">@drawable/com_zui_mms__ic_launcher_smsmms</drawable>
    <!-- sms/mms end-->

    <!-- com_zui_notes start-->
    <drawable name="com_zui_notes__icon">@drawable/com_zui_notes__icon</drawable>
    <!-- com_zui_notes end-->

    <!-- ota start-->
    <drawable name="com_zui_ota__icon">@drawable/com_zui_ota__icon</drawable>
    <drawable name="com_zui_ota__ota_icon">@drawable/com_zui_ota__icon</drawable>
    <!-- ota end-->

    <!-- com_zui_recorder start-->
    <drawable name="com_zui_recorder__ic_launcher_soundrecorder">@drawable/com_zui_recorder__ic_launcher_soundrecorder</drawable>
    <!-- com_zui_recorder end-->

    <!--safecenter start-->
    <drawable name="com_zui_safecenter__icon_launcher">@drawable/com_zui_safecenter__icon_launcher</drawable>
    <!--safecenter end-->

    <!-- com.zui.safecenter start-->
    <drawable name="com_zui_safecenter__safepay_icon">@drawable/com_zui_safecenter__safepay_icon</drawable>
    <!-- com.zui.safecenter end-->

    <!-- usercenter start-->
    <drawable name="com_zui_usercenter__icon">@drawable/com_zui_usercenter__ic_launcher</drawable>
    <drawable name="com_zui_usercenter__ic_launcher">@drawable/com_zui_usercenter__ic_launcher</drawable>
    <!-- usercenter end-->

    <!-- com_zui_videoplayer start-->
    <drawable name="com_zui_video__ic_launcher">@drawable/com_zui_videoplayer__ic_launcher</drawable>
    <drawable name="com_zui_videoplayer__ic_launcher">@drawable/com_zui_videoplayer__ic_launcher</drawable>
    <drawable name="com_zui_videoplayer__launcher">@drawable/com_zui_videoplayer__ic_launcher</drawable>
    <!-- com_zui_videoplayer end-->

   <!-- com_zui_zhealthy start-->
   <drawable name="com_zui_zhealthy__ic_launcher">@drawable/com_zui_zhealthy__ic_launcher</drawable>
   <!-- com_zui_zhealthy end-->

    <!-- com_zui_zroaming start-->
    <drawable name="com_zui_zroaming__ic_launcher">@drawable/com_zui_zroaming__ic_launcher</drawable>
    <!-- com_zui_zroaming end-->

    <!-- com_zui_reader start-->
    <drawable name="com_zui_reader__push">@drawable/com_zui_reader__ic_launcher</drawable>
    <!-- com_zui_reader end-->

    <!-- com.zui.safecenter start-->
    <drawable name="com_zui_safecenter__safepay_icon">@drawable/com_zui_safecenter__safepay_icon</drawable>
    <!-- com.zui.safecenter end-->

    <!-- eamil start-->
    <drawable name="com_zui_email__ic_launcher_mail">@drawable/com_zui_email__ic_launcher_mail</drawable>
    <!-- email end-->

    <!-- cloudservice start-->
    <drawable name="com_zui_cloudservice__ic_logo_round">@drawable/com_zui_cloudservice__ic_logo_round</drawable>
    <!-- cloudservice end-->

</resources>
