<?xml version="1.0" encoding="utf-8"?>
<resources>

	<icon_ofsset name="default">5</icon_ofsset>

	<icon_ofsset name="sogou_mobile_explorer__ic_launcher_browser">15</icon_ofsset>

	<icon_ofsset name="com_androidesk__ic_launcher">15</icon_ofsset>

	<icon_ofsset name="com_qihoo360_mobilesafe__fa">15</icon_ofsset>

	<icon_ofsset name="com_google_android_inputmethod_pinyin__app_icon">12</icon_ofsset>
	<icon_ofsset name="com_google_android_googlequicksearchbox__ic_launcher_google_search">8</icon_ofsset>
	<icon_ofsset name="com_google_android_googlequicksearchbox__sound_id_widget_normal">10</icon_ofsset>
	<icon_ofsset name="com_google_android_apps_handwriting_ime__quantum_logo_keyboard_stylus_color_48">12</icon_ofsset>

	<icon_ofsset name="com_xfplay_play__icon">15</icon_ofsset>

	<icon_ofsset name="com_tiantian_android_player__tp_icon">15</icon_ofsset>

	<icon_ofsset name="com_mxtech_videoplayer_ad__icon">12</icon_ofsset>

	<icon_ofsset name="com_google_android_youtube__ic_launcher">15</icon_ofsset>

	<icon_ofsset name="com_tencent_research_drop__icon">15</icon_ofsset>

	<icon_ofsset name="com_duomi_android__icon">15</icon_ofsset>

	<icon_ofsset name="cn_mozilla_firefox__icon">15</icon_ofsset>

	<icon_ofsset name="com_lenovo_shipin__ic_launcher">15</icon_ofsset>

	<icon_ofsset name="com_microsoft_office_lync15__ic_sforb">12</icon_ofsset>

	<icon_ofsset name="com_motorola_omni__ic_launcher">12</icon_ofsset>

	<icon_ofsset name="com_smartisan_notes__notes_launcher">15</icon_ofsset>

	<icon_ofsset name="net_xmind_doughnut__ic_launcher">12</icon_ofsset>

	<icon_ofsset name="com_chartcross_gpstest__icon">15</icon_ofsset>

	<icon_ofsset name="ru_zdevs_zarchiver__ic_launcher">15</icon_ofsset>

	<icon_ofsset name="com_excelliance_dualaid__icon">15</icon_ofsset>

	<icon_ofsset name="com_android_deskclock__ic_launcher_clockjb">12</icon_ofsset>

	<icon_ofsset name="com_samoyed_credit__ic_launcher">15</icon_ofsset>

	<icon_ofsset name="com_winner_simulatetrade__icon">12</icon_ofsset>

	<icon_ofsset name="com_androidesk_livewallpaper__ic_launcher">12</icon_ofsset>

	<icon_ofsset name="com_nd_android_pandahome2__logo">15</icon_ofsset>

	<icon_ofsset name="com_tencent_qqlauncher__launcher_ic_home">15</icon_ofsset>

	<icon_ofsset name="com_gau_go_launcherex__icon">15</icon_ofsset>

	<icon_ofsset name="com_tencent_launcher__launcher_ic_home">15</icon_ofsset>

	<icon_ofsset name="com_ios8_duotuo__ic_launcher">15</icon_ofsset>

	<icon_ofsset name="com_sharpregion_tapet__icon_main">12</icon_ofsset>

	<icon_ofsset name="com_lx_launcher__ic_launcher">12</icon_ofsset>

	<icon_ofsset name="com_lenovo_launcher_theme_washpaintinge2e__ic_launcher">12</icon_ofsset>

	<icon_ofsset name="com_secretlisa_beidanci__ic_launcher">12</icon_ofsset>

	<icon_ofsset name="com_wear_fantasy__ic_launcher">12</icon_ofsset>

	<icon_ofsset name="com_sohu_inputmethod_sogou__logo">12</icon_ofsset>

	<icon_ofsset name="com_shuame_rootgenius__app_ico">12</icon_ofsset>

	<icon_ofsset name="com_lbe_security__12o">15</icon_ofsset>

	<icon_ofsset name="com_tencent_powermanager__icon_80">15</icon_ofsset>

	<icon_ofsset name="com_biquge_book_noverls__logo">15</icon_ofsset>

	<icon_ofsset name="ru_yvs__ic_launcher">15</icon_ofsset>

	<icon_ofsset name="com_lenovo_launcher_theme_polarlighte2e__ic_launcher">12</icon_ofsset>

	<icon_ofsset name=" it_beppi_easystepcounter__ic_launcher">-5</icon_ofsset>

	<icon_ofsset name="com_fansapk_manager_font__ic_launcher">2</icon_ofsset>

	<icon_ofsset name="com_aibang_nextbus__icon">-5</icon_ofsset>

	<icon_ofsset name="com_adobe_reader__acrobat_dc_android">-7</icon_ofsset>

	<icon_ofsset name="com_alensw_picfolder__icon">0</icon_ofsset>

	<icon_ofsset name="com_vmall_client__logo3_0">0</icon_ofsset>

	<icon_ofsset name="com_taobao_ju_android__ic_jhs_launcher">-7</icon_ofsset>

	<icon_ofsset name="com_douban_movie__ic_movie_launcher">2</icon_ofsset>

	<icon_ofsset name="com_omesoft_hypnotherapist__ic_launcher">0</icon_ofsset>

	<icon_ofsset name="com_simtrons_dance__ic_launcher">-7</icon_ofsset>

	<icon_ofsset name="com_sec_android_app_shealth__s_health_icon">0</icon_ofsset>

	<icon_ofsset name="com_app96_android__ic_launcher">-7</icon_ofsset>

	<icon_ofsset name="com_fihtdc_note__note_icon">-7</icon_ofsset>.-

	<icon_ofsset name="com_julanling_app__ic_launcher">0</icon_ofsset>

	<icon_ofsset name="com_huichao_notepad__ic_launcher">-4</icon_ofsset>

	<icon_ofsset name="com_duapps_recorder__durec_ic_launcher">-7</icon_ofsset>

	<icon_ofsset name="com_nextdev_alarm__ic_launcher">2</icon_ofsset>

	<icon_ofsset name="com_anddoes_launcher__ic_launcher_home">-5</icon_ofsset>

	<icon_ofsset name="telecom_mdesk__common_res_ic_launcher_home">-5</icon_ofsset>

	<icon_ofsset name="com_smartisanos_home__launcher_icon">-5</icon_ofsset>

	<icon_ofsset name="com_adobe_air__icon">2</icon_ofsset>

	<icon_ofsset name="cn_com_opda_android_clearmaster__icon">-2</icon_ofsset>

	<icon_ofsset name="com_gotokeep_keep__ic_launcher_adaptive">-4</icon_ofsset>

	<icon_ofsset name="com_funshion_video_mobile__icon">2</icon_ofsset>

	<icon_ofsset name="com_xvideostudio_videoeditor__ic_launcher">2</icon_ofsset>

	<icon_ofsset name="mobi_weibu_app_pedometer__ic_launcher">-3</icon_ofsset>

	<icon_ofsset name="com_runtastic_android_pro2__">-2</icon_ofsset>

	<icon_ofsset name="com_entgroup__ic_launcher">-2</icon_ofsset>

	<icon_ofsset name="com_qtjianshen_main__ic_launcher">-2</icon_ofsset>

	<icon_ofsset name="com_garmin_android_apps_gccm__ic_launcher">2</icon_ofsset>

	<icon_ofsset name="com_kct_fundo_btnotification__ic_launcher">2</icon_ofsset>

	<icon_ofsset name="com_runtastic_android_sixpack_lite__	 ">-4</icon_ofsset>

	<icon_ofsset name="com_microsoft_office_word__word">-2</icon_ofsset>

	<icon_ofsset name="com_microsoft_office_excel__ic_excel">-2</icon_ofsset>

	<icon_ofsset name="com_microsoft_office_powerpoint__ic_powerpoint">-2</icon_ofsset>

	<icon_ofsset name="com_microsoft_office_onenote__icon">-2</icon_ofsset>

	<icon_ofsset name="com_tmri_app_main__ic_launcher">-2</icon_ofsset>

	<icon_ofsset name="com_qihoo_magic__app_icon">-2</icon_ofsset>

	<icon_ofsset name="com_cloudsynch_wifihelper__app_icon">-4</icon_ofsset>

	<icon_ofsset name="com_calendar_ui__icon">-2</icon_ofsset>

	<icon_ofsset name="com_ifeimo_videoeditor__icon_1024">-2</icon_ofsset>

	<icon_ofsset name="com_hema_stock__ic_launcher">-2</icon_ofsset>

	<icon_ofsset name="com_jd_smart__app_icon">-2</icon_ofsset>

	<icon_ofsset name="com_feiniaokc_fc__ic_launcher">-2</icon_ofsset>

	<icon_ofsset name="com_cib_cibmb__icon">-2</icon_ofsset>

	<icon_ofsset name="com_ijinshan_duba__main_icon">-2</icon_ofsset>

	<icon_ofsset name="com_microsoft_rdc_android__icon">-2</icon_ofsset>

	<icon_ofsset name="com_evernote__ic_launcher">-7</icon_ofsset>

	<icon_ofsset name="mobi_thinkchange_android_tinyapp_flashlight__ic_launcher">2</icon_ofsset>

	<icon_ofsset name="com_meizu_notes__ic_launcher_notepaper">2</icon_ofsset>

	<icon_ofsset name="com_motorola_dolby_dolbyui__ic_launcher_ds1">12</icon_ofsset>

</resources>
